mean_fit_time,std_fit_time,mean_score_time,std_score_time,param_alpha,param_early_stopping,param_hidden_layer_sizes,params,split0_test_score,split1_test_score,split2_test_score,split3_test_score,split4_test_score,mean_test_score,std_test_score,rank_test_score,split0_train_score,split1_train_score,split2_train_score,split3_train_score,split4_train_score,mean_train_score,std_train_score,noise_std
0.650653600692749,0.1553522514702193,0.0007984161376953125,0.00039920829667232046,0.1,True,"(8, 3)","{'alpha': 0.1, 'early_stopping': True, 'hidden_layer_sizes': (8, 3)}",-0.019474840384219302,-0.803978432217933,-0.07797948519564055,-0.06747118531009923,-0.013224003879726979,-0.1964255893975238,0.3048453913923945,33,-0.01987290608167013,-0.8093204952881161,-0.10965299818293887,-0.07266031489679774,-0.00970553430539505,-0.2042424497509836,0.3047022165510713,0.03
0.7292502403259278,0.004983262963375861,0.0003989219665527344,0.0004885776326209085,0.1,True,"(8, 4)","{'alpha': 0.1, 'early_stopping': True, 'hidden_layer_sizes': (8, 4)}",-0.018776534550656872,-0.005820469008181267,-0.007528376121153311,-0.012391419206533446,-0.023546297642981162,-0.01361261930590121,0.006701804787304619,10,-0.020413891194235857,-0.005734561286018184,-0.007368080676265934,-0.011881628221338803,-0.018024708083919577,-0.012684573892355671,0.0057527710928323445,0.03
0.7296481132507324,0.0032531745179676143,0.0005986690521240234,0.0004888113271977794,0.1,True,"(8, 5)","{'alpha': 0.1, 'early_stopping': True, 'hidden_layer_sizes': (8, 5)}",-0.006672598182633956,-0.01664104562536924,-0.015914362357609478,-0.012680170227668174,-0.02440382535240895,-0.015262400349137959,0.0057679109217895486,13,-0.0073241838139798485,-0.017942426113539335,-0.017180532542048748,-0.013489874748311521,-0.01184346136347186,-0.013556095716270264,0.003850991151871357,0.03
0.7561769485473633,0.013680450421002426,0.0009974956512451172,2.3360154559928684e-07,0.1,True,"(8, 6)","{'alpha': 0.1, 'early_stopping': True, 'hidden_layer_sizes': (8, 6)}",-0.023424266517665254,-0.020612460169016404,-0.011376612573512192,-0.011629083778367936,-0.015625737184202692,-0.016533632044552896,0.004808147229618496,14,-0.025052730910459235,-0.02108026608520897,-0.009276968174155131,-0.013811098427014556,-0.00963218804680258,-0.01577065032872809,0.0062934491365859305,0.03
0.6839701175689697,0.1475395884863984,0.0001994609832763672,0.0003989219665527344,0.1,True,"(8, 7)","{'alpha': 0.1, 'early_stopping': True, 'hidden_layer_sizes': (8, 7)}",-0.01177593882489415,-0.016963083061596766,-0.004738419162768384,-0.0097013166236736,-0.01967692213087444,-0.012571135960761468,0.005291522472443681,8,-0.013335825462377503,-0.016912000992899842,-0.004208489655879973,-0.009068473378110974,-0.012572313001481098,-0.01121942049814988,0.004301039073890865,0.03
0.7837036609649658,0.016173128855801557,0.0005984306335449219,0.0004886169462407688,0.1,True,"(8, 8)","{'alpha': 0.1, 'early_stopping': True, 'hidden_layer_sizes': (8, 8)}",-0.6091181363471184,-0.009362628576577828,-0.01303400966214076,-0.008146941390255022,-0.023608340933293618,-0.13265401138187716,0.2382942470920544,31,-0.5723301736007518,-0.00914175456860354,-0.01023378980049315,-0.009400867222379062,-0.012440262760027798,-0.12270936959045109,0.22481339784798487,0.03
0.8077162742614746,0.04060964118653185,0.00039882659912109374,0.0004884608318481088,0.01,True,"(8, 3)","{'alpha': 0.01, 'early_stopping': True, 'hidden_layer_sizes': (8, 3)}",-0.018884768285288556,-0.028067846970959563,-0.03582539158998274,-0.009891453715471338,-1.683453694872477,-0.35522463108683583,0.6641715724377033,35,-0.020165080601814957,-0.028049149168557143,-0.04930910382237163,-0.009666983805489898,-1.7543627447648107,-0.3723106124326089,0.6911484504951766,0.03
0.7533844947814942,0.07125353648482838,0.00039887428283691406,0.0004885192380524391,0.01,True,"(8, 4)","{'alpha': 0.01, 'early_stopping': True, 'hidden_layer_sizes': (8, 4)}",-0.007749722293476777,-0.052810424732235704,-0.016316754391926848,-0.027387572831061083,-0.006730336629959874,-0.02219896217573206,0.017009659598257395,21,-0.008959738630242985,-0.05462042838601982,-0.019771738556895527,-0.02587546504448603,-0.00587691164237534,-0.02302085645200394,0.01737163424527851,0.03
0.7569742202758789,0.01684278043791063,0.0003991127014160156,0.0004888112341665077,0.01,True,"(8, 5)","{'alpha': 0.01, 'early_stopping': True, 'hidden_layer_sizes': (8, 5)}",-0.02661172155592632,-0.005511268328078769,-0.017936388628283936,-0.0055306253842358245,-0.015306601051443007,-0.014179320989593572,0.007998574548483208,11,-0.02842962625848817,-0.005719639510758658,-0.020195212054059237,-0.0060660789252268916,-0.007413745301954836,-0.01356486041009756,0.009171022390562023,0.03
0.7691421508789062,0.009470056127065472,0.0009973526000976562,9.536743164062499e-08,0.01,True,"(8, 6)","{'alpha': 0.01, 'early_stopping': True, 'hidden_layer_sizes': (8, 6)}",-0.004930666379329178,-0.029918015324810882,-0.006126072965898251,-0.00969497141954773,-0.052774284213116696,-0.020688802060540547,0.018416909477080603,20,-0.005415678895248658,-0.030135863944538346,-0.005476507054235521,-0.011023131944047748,-0.030339774643349984,-0.01647819129628405,0.011417963254238916,0.03
0.7723339080810547,0.013028054790298733,0.0005985260009765625,0.0004886944566570864,0.01,True,"(8, 7)","{'alpha': 0.01, 'early_stopping': True, 'hidden_layer_sizes': (8, 7)}",-0.013485458597052606,-0.00610509931362328,-0.007117988891590084,-0.0193289815849042,-0.013579854864412204,-0.011923476650316475,0.004836757326095198,6,-0.015124395538391493,-0.005706616583879571,-0.006249019960369572,-0.01991673229089946,-0.007397067488623776,-0.010878766372432774,0.005657174336202917,0.03
0.805246114730835,0.037116976055360365,0.0001995563507080078,0.0003991127014160156,0.01,True,"(8, 8)","{'alpha': 0.01, 'early_stopping': True, 'hidden_layer_sizes': (8, 8)}",-0.017151427948818788,-0.016636135660950357,-0.006464608424626376,-0.028021472066873502,-0.015880778017861915,-0.016830884423826187,0.006837138397063789,16,-0.018528337765397227,-0.016807361397458153,-0.00841064985302485,-0.027042496305020283,-0.013764704000003576,-0.016910709864180817,0.006122562707001645,0.03
0.6388910293579102,0.21189162264072448,0.0003989696502685547,0.0004886360388238481,0.001,True,"(8, 3)","{'alpha': 0.001, 'early_stopping': True, 'hidden_layer_sizes': (8, 3)}",-0.6925366405816263,-0.01919621145302896,-0.03358289397977877,-0.06749692631853492,-0.01118948307204524,-0.16480043108100284,0.2645707591634944,32,-0.6525456656950194,-0.020370199303640254,-0.04102746441896625,-0.0731560017446624,-0.006079054125276701,-0.15863567705751297,0.24798242235550522,0.03
0.6145558834075928,0.2564548316137249,0.0003987789154052734,0.0004884024372810308,0.001,True,"(8, 4)","{'alpha': 0.001, 'early_stopping': True, 'hidden_layer_sizes': (8, 4)}",-0.005760808006899348,-0.0481522445155578,-0.0229980274579471,-0.007794121517725159,-0.015244832712935764,-0.019990006842213033,0.01533548965409813,18,-0.0059104900524085,-0.04916555290174036,-0.029035512232264773,-0.007077021369077698,-0.007419182310482621,-0.01972155177319479,0.017062689889252483,0.03
0.7617620468139649,0.016729285043551836,0.000399017333984375,0.0004886944333937081,0.001,True,"(8, 5)","{'alpha': 0.001, 'early_stopping': True, 'hidden_layer_sizes': (8, 5)}",-0.019024717973852648,-0.008801285579458503,-0.10412675313970152,-0.020168418378450497,-0.010087459615460322,-0.03244172693738469,0.03613302353591451,24,-0.02063552970404803,-0.007883797517582282,-0.13211261838452054,-0.01978314397461477,-0.0076870358041261095,-0.037620425076978346,0.04757248086024186,0.03
0.793876314163208,0.060428535210238235,0.0007977008819580079,0.0003988505656823479,0.001,True,"(8, 6)","{'alpha': 0.001, 'early_stopping': True, 'hidden_layer_sizes': (8, 6)}",-0.006719308336714099,-0.031051814477294482,-0.009744227374904709,-0.014269644126326253,-0.006093960396464727,-0.013575790942340854,0.0092039432010954,9,-0.007772360127411734,-0.03414925574895898,-0.008859616570051018,-0.013043540054566715,-0.005058133241216637,-0.013776581148441016,0.010505443962721378,0.03
0.726057481765747,0.13084922835161453,0.0003987789154052734,0.0004884024838356029,0.001,True,"(8, 7)","{'alpha': 0.001, 'early_stopping': True, 'hidden_layer_sizes': (8, 7)}",-0.0035833571057338072,-0.01942563066157551,-0.007170752336836565,-0.011514150882715589,-0.00321726536932511,-0.008982231271237314,0.006018959009330994,3,-0.003791111789728087,-0.019228027894333956,-0.006603383428207264,-0.007850114910187417,-0.0038839678618010783,-0.008271321176851561,0.005697894319990629,0.03
0.8048606395721436,0.05401409395503413,0.0001994609832763672,0.00039892196655273444,0.001,True,"(8, 8)","{'alpha': 0.001, 'early_stopping': True, 'hidden_layer_sizes': (8, 8)}",-0.012426158221831725,-0.005978772515007309,-0.012793824906294564,-0.0052414407063108214,-0.025318675274453792,-0.012351774324779642,0.00720435227001995,7,-0.013867164613937274,-0.0053891141815299555,-0.011389369249589295,-0.00502389320765009,-0.014602795266533814,-0.010054467303848087,0.004100685472759785,0.03
0.7380464553833008,0.009873243669761778,0.0007977962493896484,0.0003988981353824061,0.0001,True,"(8, 3)","{'alpha': 0.0001, 'early_stopping': True, 'hidden_layer_sizes': (8, 3)}",-0.014811029442827897,-0.012145877109725338,-0.01784858173582347,-0.0792423408962948,-0.03980401799930419,-0.032770369436795135,0.025217786058235082,25,-0.015993867722854223,-0.012147309249113692,-0.019561398935627836,-0.07605239644745887,-0.032204460607831345,-0.03119188659257719,0.02341979759720555,0.03
0.7585872173309326,0.018487601437290932,0.0005983829498291016,0.0004885776558898482,0.0001,True,"(8, 4)","{'alpha': 0.0001, 'early_stopping': True, 'hidden_layer_sizes': (8, 4)}",-0.04315582459354666,-0.0044490913666704705,-0.007437781374233878,-0.024423471602265205,-0.03687944640818199,-0.02326912306897964,0.01540700679945893,22,-0.04538331552562897,-0.004050195210318825,-0.008393722759470184,-0.027607373580236946,-0.024304548558753317,-0.02194783112688165,0.014770549697802862,0.03
0.7422146320343017,0.008726726778487699,0.00039887428283691406,0.0004885192380524391,0.0001,True,"(8, 5)","{'alpha': 0.0001, 'early_stopping': True, 'hidden_layer_sizes': (8, 5)}",-0.18341723506932156,-0.018754064933611283,-0.03671940561410162,-0.00902899540720236,-0.030200110307350914,-0.05562396226631755,0.06459931168406927,28,-0.16820872414735136,-0.0182014367518593,-0.048822759535687286,-0.007834522176027812,-0.017517583989624542,-0.05211700532011006,0.0596598077379898,0.03
0.7511904239654541,0.04326799183184683,0.00039887428283691406,0.0004885192380524391,0.0001,True,"(8, 6)","{'alpha': 0.0001, 'early_stopping': True, 'hidden_layer_sizes': (8, 6)}",-0.024082186210570906,-0.00559101673978294,-0.005791536116262415,-0.008111747617914807,-0.006046996431922787,-0.009924696623290772,0.007136128521737172,4,-0.025254806718741727,-0.005597035776492352,-0.00541082876015782,-0.009332713313314315,-0.004534726325727356,-0.010026022178886713,0.007790594543886958,0.03
0.7733305931091309,0.021358590087585384,0.0005983829498291016,0.0004885776326209085,0.0001,True,"(8, 7)","{'alpha': 0.0001, 'early_stopping': True, 'hidden_layer_sizes': (8, 7)}",-0.005786357631653371,-0.016257648861339426,-0.02104669711393389,-0.017042681997495365,-0.023146427268666413,-0.016655962574617694,0.005997686205225611,15,-0.006005727227984538,-0.016249275872654068,-0.019088112341213312,-0.015452850850587424,-0.01587429999449799,-0.014534053257387467,0.004450937832778518,0.03
0.7960853576660156,0.0404765794889319,0.0007978439331054688,0.00039892196655273444,0.0001,True,"(8, 8)","{'alpha': 0.0001, 'early_stopping': True, 'hidden_layer_sizes': (8, 8)}",-0.004079537191188615,-0.009459781893165342,-0.009142383024894134,-0.006264089662799745,-0.013641028997790435,-0.008517364153967654,0.0032342632947894284,1,-0.004109274442867806,-0.009384828829811155,-0.007022089817644133,-0.005738254961583445,-0.0066608849100732856,-0.006583066592395966,0.001725225956708423,0.03
0.8260088920593261,0.03336127994929745,0.000998067855834961,5.091227651611e-07,1e-05,True,"(8, 3)","{'alpha': 1e-05, 'early_stopping': True, 'hidden_layer_sizes': (8, 3)}",-0.013184618794686964,-0.01216839990489892,-0.4993568663652818,-0.10554083430728826,-0.017393469463200854,-0.12952883776707136,0.18827213576892624,30,-0.014590285217252601,-0.012302914127495092,-0.5305036479113876,-0.10375494700869937,-0.009109244359612197,-0.13405220772488938,0.20139337325147297,0.03
0.7494025230407715,0.004983534059820741,0.0005982398986816406,0.0004884609249461174,1e-05,True,"(8, 4)","{'alpha': 1e-05, 'early_stopping': True, 'hidden_layer_sizes': (8, 4)}",-0.00621685608293723,-0.0041277940485097845,-0.02441530742674395,-0.23565019998731895,-0.03297913227889607,-0.06067785796488119,0.08816056136834219,29,-0.007321415599028328,-0.004004334603601393,-0.025987623871269547,-0.22407765188063694,-0.012584663296846921,-0.054795137850276635,0.08497249740821639,0.03
0.8036502838134766,0.013009968568617589,0.0007977485656738281,0.00039887429708787493,1e-05,True,"(8, 5)","{'alpha': 1e-05, 'early_stopping': True, 'hidden_layer_sizes': (8, 5)}",-0.014685737459414146,-0.008752355777297742,-0.021334947128986263,-0.015358421370242856,-0.013556441498549555,-0.014737580646898113,0.004028185245151375,12,-0.01664857306623022,-0.00784445066290973,-0.02621458891000395,-0.02055414929532499,-0.006865531195446802,-0.015625458625983142,0.007412811188119404,0.03
0.7511903762817382,0.008634697463585639,0.000997447967529297,3.2340669551493016e-07,1e-05,True,"(8, 6)","{'alpha': 1e-05, 'early_stopping': True, 'hidden_layer_sizes': (8, 6)}",-0.016123080038167186,-0.009029316700512673,-0.006765185323762569,-0.12468734796780573,-0.020043964632892805,-0.035329778932628196,0.0449332368448292,27,-0.017658852722155262,-0.00831243713599709,-0.005623521204769116,-0.13422914816700499,-0.01612698551319935,-0.03639018894862516,0.04913017464276445,0.03
0.7779190063476562,0.015706160945207423,0.0007977008819580079,0.00039885050867510976,1e-05,True,"(8, 7)","{'alpha': 1e-05, 'early_stopping': True, 'hidden_layer_sizes': (8, 7)}",-0.05138993293671998,-0.015717974283026924,-0.01437366431575848,-0.021831159102724394,-0.04309913110928199,-0.029282372349502355,0.015109137015287313,23,-0.05335103812190164,-0.013932935198669082,-0.014993470457440282,-0.03125709269871383,-0.028560214179922768,-0.02841895013132952,0.01428126152296868,0.03
0.7761237621307373,0.02278984208934377,0.0005983829498291016,0.0004885776326209084,1e-05,True,"(8, 8)","{'alpha': 1e-05, 'early_stopping': True, 'hidden_layer_sizes': (8, 8)}",-0.008580961793020214,-0.00484044999123602,-0.006756114710010038,-0.004728011525925909,-0.0195463094739574,-0.008890369498829915,0.005512293629663101,2,-0.010005342436471549,-0.004553222791720535,-0.008213215849303184,-0.004555173655246361,-0.012845514683124117,-0.008034493883173148,0.0032027183566283447,0.03
0.7276532649993896,0.006481974477805138,0.0007978439331054688,0.0003989220520482712,1e-06,True,"(8, 3)","{'alpha': 1e-06, 'early_stopping': True, 'hidden_layer_sizes': (8, 3)}",-1.0068765956526795,-0.05023745686468792,-0.015177402983791027,-0.02024859398805619,-0.998111089939389,-0.41813022788572074,0.47728941965360133,36,-0.9568517722500863,-0.051450742095956355,-0.013433949321854443,-0.019514622519827295,-1.0448911590462413,-0.4172284490467931,0.4775297739806105,0.03
0.7599668502807617,0.013276091836902463,0.000797891616821289,0.00039894581909694896,1e-06,True,"(8, 4)","{'alpha': 1e-06, 'early_stopping': True, 'hidden_layer_sizes': (8, 4)}",-0.035476253472885265,-0.005352553332910076,-0.03039126588643096,-0.009122663315399994,-1.201322504294205,-0.2563330480603663,0.47263869247024415,34,-0.03660472759791547,-0.00480421723145269,-0.03905747991047463,-0.013563087325679339,-1.2562400269774112,-0.2700539078085867,0.493267852272424,0.03
0.7400203704833984,0.008200087930105302,0.0007978439331054688,0.00039892199505124864,1e-06,True,"(8, 5)","{'alpha': 1e-06, 'early_stopping': True, 'hidden_layer_sizes': (8, 5)}",-0.026789267407249726,-0.030348915184331568,-0.015271584617294562,-0.00879136161432608,-0.009311538757881044,-0.018102533516216594,0.008915458399327681,17,-0.028682669938651584,-0.030744757513305253,-0.01360162207090209,-0.011325770363968224,-0.008062321143519966,-0.01848342820606943,0.009359789502282561,0.03
0.784102487564087,0.025655878438600198,0.0005985260009765625,0.0004886945031838398,1e-06,True,"(8, 6)","{'alpha': 1e-06, 'early_stopping': True, 'hidden_layer_sizes': (8, 6)}",-0.01981882220835292,-0.008528631995910006,-0.13248751859087887,-0.008068565027309358,-0.005948735424030355,-0.0349704546492963,0.048998554188198304,26,-0.021425406868312655,-0.00862047486648723,-0.1608683109583722,-0.0112828416970381,-0.005477327172463588,-0.041534872312534755,0.05990584221362356,0.03
0.7643624305725097,0.029897299324646173,0.00039215087890625,0.00048038172321381885,1e-06,True,"(8, 7)","{'alpha': 1e-06, 'early_stopping': True, 'hidden_layer_sizes': (8, 7)}",-0.010170628060869932,-0.014584866299094683,-0.028225801005529287,-0.02569938702898768,-0.02448785178398757,-0.020633706835693832,0.006988847290822897,19,-0.010750634131176889,-0.01292882317577256,-0.03163930333333495,-0.025881806795562363,-0.019425898099807583,-0.02012529310713087,0.007821412213902024,0.03
0.6528530597686768,0.06652018534974452,0.00039882659912109374,0.0004884608318481088,1e-06,True,"(8, 8)","{'alpha': 1e-06, 'early_stopping': True, 'hidden_layer_sizes': (8, 8)}",-0.007706181299827872,-0.007158132112413464,-0.017463775274149114,-0.008602835114621062,-0.014533741641747403,-0.011092933088551783,0.0041371518699111895,5,-0.008900939691003607,-0.006808809673297292,-0.021606983427102804,-0.008040262797837646,-0.00719605443478515,-0.0105106100048053,0.005594868386124595,0.03
0.7172776699066162,0.04127200308357475,0.000598287582397461,0.0004884998197418876,0.1,True,"(8, 3)","{'alpha': 0.1, 'early_stopping': True, 'hidden_layer_sizes': (8, 3)}",-0.028900869726882685,-0.04336103001388847,-0.03395880338113944,-0.022815229184582,-0.059809150925579854,-0.03776901664641449,0.012913679931859748,27,-0.028327203911729656,-0.041731842051753384,-0.035851407881879196,-0.026248743720111014,-0.04348093959001175,-0.035128027431097004,0.0069137206787210585,0.09
0.7188772678375244,0.03884957084367106,0.0003987789154052734,0.0004884024372810308,0.1,True,"(8, 4)","{'alpha': 0.1, 'early_stopping': True, 'hidden_layer_sizes': (8, 4)}",-1.1324779957151028,-0.02975723010005373,-0.029112981158370042,-0.022410740761660213,-0.02636739967779344,-0.24802526948259604,0.44223393780933057,36,-1.075227336781232,-0.028430620363232812,-0.028859223473062624,-0.023441014035872065,-0.026735095108588663,-0.23653865795239765,0.4193486720225201,0.09
0.7033297538757324,0.07754792873485059,0.0007979393005371094,0.00039896966451610907,0.1,True,"(8, 5)","{'alpha': 0.1, 'early_stopping': True, 'hidden_layer_sizes': (8, 5)}",-0.024098137440542174,-0.08870658158725168,-0.02895591932914026,-0.021033531896067322,-0.024944987030603195,-0.03754783145672093,0.025704033596550227,26,-0.023680879544076727,-0.09155707387104509,-0.03296763306623112,-0.02315745841109482,-0.02213283043436696,-0.03869917506536294,0.026714587667410163,0.09
0.6752121448516846,0.13266987198400101,0.0005983829498291016,0.0004885776558898482,0.1,True,"(8, 6)","{'alpha': 0.1, 'early_stopping': True, 'hidden_layer_sizes': (8, 6)}",-0.025638405828825334,-0.021161222819564788,-0.03558629328130096,-0.01998094871876149,-0.05477192124691233,-0.03142775837907298,0.012901094211564873,19,-0.025386445699619377,-0.019180055865872975,-0.03700049916876316,-0.022001833421772813,-0.044736026301939735,-0.029660972091593612,0.00967377385647589,0.09
0.7851297855377197,0.03165220123174426,0.0003987789154052734,0.0004884024372810308,0.1,True,"(8, 7)","{'alpha': 0.1, 'early_stopping': True, 'hidden_layer_sizes': (8, 7)}",-0.02198828241311084,-0.03599559929396278,-0.031786300810060904,-0.024170321498213167,-0.027345260108998275,-0.02825715282486919,0.005082733794202182,12,-0.021897891200773224,-0.03372593345693951,-0.034207670710693534,-0.025886929426199305,-0.02271337642141517,-0.027686360243204144,0.005300543897178838,0.09
0.6971793174743652,0.19005614273455324,0.00039887428283691406,0.0004885192380524391,0.1,True,"(8, 8)","{'alpha': 0.1, 'early_stopping': True, 'hidden_layer_sizes': (8, 8)}",-0.023359903537660362,-0.020660356619216967,-0.033085915068127206,-0.024244235749974512,-0.023963976214644418,-0.025062877437924697,0.0042078308091357194,5,-0.022466336639289267,-0.01877404827114122,-0.035160416187049445,-0.024262496216920768,-0.023326645814707454,-0.02479798862582163,0.005505560191888726,0.09
0.7039659500122071,0.17673710715832744,0.0003989219665527344,0.0004885777256966609,0.01,True,"(8, 3)","{'alpha': 0.01, 'early_stopping': True, 'hidden_layer_sizes': (8, 3)}",-0.07444725330699924,-0.030301300027673825,-0.028896996788642642,-0.04839849730416526,-0.03381479083174973,-0.04317176765184614,0.01710231411884235,29,-0.08062767163451781,-0.028157012062672952,-0.03487020337002276,-0.04992079707656834,-0.027673354931608444,-0.044249807815078056,0.019885889168663587,0.09
0.7462084770202637,0.03417584673189631,0.0009972095489501954,3.2340669551493016e-07,0.01,True,"(8, 4)","{'alpha': 0.01, 'early_stopping': True, 'hidden_layer_sizes': (8, 4)}",-0.02900860495623254,-0.02443962785120381,-0.07100844076286018,-0.01946566963006461,-0.02701685035131616,-0.03418783871033546,0.01868568515852385,22,-0.02820086965486905,-0.023845216133025874,-0.08520844127514096,-0.018995988628224818,-0.023990084359525043,-0.03604812001015715,0.024752368761264406,0.09
0.7892881870269776,0.01946812380986879,0.00079803466796875,0.00039901736247607795,0.01,True,"(8, 5)","{'alpha': 0.01, 'early_stopping': True, 'hidden_layer_sizes': (8, 5)}",-0.045801072234807096,-0.02341862267909211,-0.03606291881387045,-0.02443537373360339,-0.03415059550360646,-0.0327737165929959,0.008239810502448002,20,-0.048646318325623134,-0.021203134655464827,-0.03597380225686678,-0.02359667484766536,-0.023639583739146652,-0.030611902764953354,0.010395592175951892,0.09
0.6558455467224121,0.2500537243480511,0.0005983829498291016,0.0004885776558898482,0.01,True,"(8, 6)","{'alpha': 0.01, 'early_stopping': True, 'hidden_layer_sizes': (8, 6)}",-0.023476499249288723,-0.03465697756947149,-0.060753880098762654,-0.02784268247266891,-0.031679124426455624,-0.03568183276332948,0.013085121346454447,23,-0.02273932814503646,-0.034007761778004915,-0.08269668991391411,-0.03274116315426477,-0.0266481863763251,-0.03976662587350908,0.02185193063955028,0.09
0.7807113647460937,0.025020083768567073,0.0005985736846923828,0.0004887333747384832,0.01,True,"(8, 7)","{'alpha': 0.01, 'early_stopping': True, 'hidden_layer_sizes': (8, 7)}",-0.023608487668223762,-0.02322580943591517,-0.020604828621103074,-0.026372711554090197,-0.3051905976170347,-0.07980048697927337,0.1127098842642927,33,-0.023242676759555166,-0.021710221310677177,-0.01950833928996327,-0.02650104616665626,-0.3091711230763055,-0.08002668132063148,0.11459482641932997,0.09
0.7856979846954346,0.029304578924062578,0.0005983829498291016,0.0007977843404844027,0.01,True,"(8, 8)","{'alpha': 0.01, 'early_stopping': True, 'hidden_layer_sizes': (8, 8)}",-0.024435581938720093,-0.01966935204261746,-0.022295227979264545,-0.03105607525285341,-0.1184843084369617,-0.04318810913008344,0.03783650504431847,30,-0.023733283569804153,-0.02112344815033135,-0.02350837869935351,-0.028945530693021783,-0.0875030034516438,-0.036962728912830915,0.02539887948937358,0.09
0.723866605758667,0.07723895173120497,0.00039882659912109374,0.0004884608551226126,0.001,True,"(8, 3)","{'alpha': 0.001, 'early_stopping': True, 'hidden_layer_sizes': (8, 3)}",-0.021256897799516183,-0.04675369982893404,-0.02073874636204781,-0.021661376002542455,-0.03605325723856733,-0.029292795446321566,0.010455362212340013,14,-0.019086235714867426,-0.040940055787596345,-0.019328338356190463,-0.026599550534061604,-0.027012521388377127,-0.026593340356218593,0.00793902851902639,0.09
0.7622684478759766,0.06425304086606987,0.0005983829498291016,0.0004885776558898482,0.001,True,"(8, 4)","{'alpha': 0.001, 'early_stopping': True, 'hidden_layer_sizes': (8, 4)}",-0.025574766631741578,-0.8623583896936573,-0.027621866963366333,-0.024307124150052286,-0.041545277686597486,-0.196281485025083,0.33309571238972463,35,-0.02432331796533035,-0.8883701843032049,-0.03092621588473389,-0.029322340878563558,-0.0290662889914502,-0.20040166960465658,0.34399132021414885,0.09
0.8111514568328857,0.035622422513524744,0.000997161865234375,1.1680077279964343e-07,0.001,True,"(8, 5)","{'alpha': 0.001, 'early_stopping': True, 'hidden_layer_sizes': (8, 5)}",-0.0268237550010942,-0.02437138732893174,-0.028637997918631402,-0.024828881472767444,-0.03342277524525831,-0.02761695939333662,0.003276776071105399,10,-0.024642339836791746,-0.0231314469394899,-0.029637869442988025,-0.031154533914318293,-0.02787008101434112,-0.027287254229585823,0.003002906508037646,0.09
0.7567980766296387,0.009677724831260162,0.0007978439331054688,0.0003989219950512487,0.001,True,"(8, 6)","{'alpha': 0.001, 'early_stopping': True, 'hidden_layer_sizes': (8, 6)}",-0.040019251759659084,-0.02982504364189312,-0.025641306343909518,-0.025068172433892078,-0.03442246121248407,-0.030995247078367573,0.005627481293102078,16,-0.04067647264917014,-0.028797107099437495,-0.023858142680521718,-0.024462584766362306,-0.02905086602759935,-0.0293690346446182,0.006045323271097388,0.09
0.7671658039093018,0.06180681182487692,0.000598287582397461,0.0004884997731965918,0.001,True,"(8, 7)","{'alpha': 0.001, 'early_stopping': True, 'hidden_layer_sizes': (8, 7)}",-0.023321120052913428,-0.01964833576205979,-0.01994089556993512,-0.06150523765763616,-0.028900505917551042,-0.030663218992019105,0.01577681565920194,15,-0.023183061055233094,-0.017752653854230346,-0.019634415695584603,-0.06200725241046547,-0.024566820466204998,-0.029428840696343706,0.01646976632576098,0.09
0.6819756984710693,0.1851026386481203,0.000598287582397461,0.0004884997731965918,0.001,True,"(8, 8)","{'alpha': 0.001, 'early_stopping': True, 'hidden_layer_sizes': (8, 8)}",-0.021555107590575735,-0.022248215205473335,-0.025993740664624565,-0.021526499027027888,-0.027855972413627937,-0.023835906980265893,0.0026028195642456347,3,-0.019597346809934742,-0.022455059786580786,-0.029332198859122423,-0.0209939170907088,-0.021840103784934305,-0.022843725266256214,0.00338287953868223,0.09
0.7362300872802734,0.005178205452651673,0.0005983829498291016,0.0004885776558898482,0.0001,True,"(8, 3)","{'alpha': 0.0001, 'early_stopping': True, 'hidden_layer_sizes': (8, 3)}",-0.02290909548675612,-0.14148682510879834,-0.02088124143756515,-0.026704389612668186,-0.062017366489901214,-0.0547997836271378,0.045877164956839224,32,-0.020771602903718565,-0.15064728492213056,-0.023747351983530018,-0.03163831228796958,-0.04900787097993444,-0.05516248461545663,0.04874065314600034,0.09
0.7649538040161132,0.03972839942654949,0.00019979476928710938,0.00039958953857421875,0.0001,True,"(8, 4)","{'alpha': 0.0001, 'early_stopping': True, 'hidden_layer_sizes': (8, 4)}",-0.031465282999795154,-0.030403738276681937,-0.028752765284996196,-0.03319155457280372,-0.03271484439055872,-0.03130563710496714,0.0016061514689875878,17,-0.033051252947827583,-0.027614566155535602,-0.02990285798360337,-0.038368736370615254,-0.026176466155272242,-0.03102277592257081,0.004345910314605599,0.09
0.5808461666107178,0.23780865928074632,0.000598287582397461,0.000488499912832466,0.0001,True,"(8, 5)","{'alpha': 0.0001, 'early_stopping': True, 'hidden_layer_sizes': (8, 5)}",-0.024117084310848826,-0.02666219574825517,-0.020209600842067393,-0.09406627426307741,-0.021515201841884248,-0.037314071401226605,0.02846261634258133,25,-0.02532339347470331,-0.024804877698973944,-0.02150242325070344,-0.09636357396504351,-0.01975968551979801,-0.037550790781844444,0.0294787534941237,0.09
0.7819081783294678,0.06180596384146238,0.0005981922149658203,0.0004884219525686784,0.0001,True,"(8, 6)","{'alpha': 0.0001, 'early_stopping': True, 'hidden_layer_sizes': (8, 6)}",-0.02529870718824078,-0.03432392517106074,-0.021404856398483958,-0.024900962419412864,-0.019984950496510803,-0.02518268033474183,0.004998870543166274,6,-0.024715435280413665,-0.02999444868272838,-0.020566279823422403,-0.02958159194386493,-0.01957677205750037,-0.02488690555758595,0.004359399124193698,0.09
0.8255912780761718,0.0662317955473152,0.0003989696502685547,0.0004886360388238481,0.0001,True,"(8, 7)","{'alpha': 0.0001, 'early_stopping': True, 'hidden_layer_sizes': (8, 7)}",-0.0277711275044928,-0.02479095115624402,-0.020951607681862983,-0.039745555201643655,-0.027185207010668393,-0.028088889710982372,0.006302581361282277,11,-0.027228614540615412,-0.02340548452838172,-0.023778793960925342,-0.04003545283620631,-0.027676920722883847,-0.02842505331780253,0.006059312534391733,0.09
0.7491956233978272,0.0414744431141976,0.000598287582397461,0.0004884997964692402,0.0001,True,"(8, 8)","{'alpha': 0.0001, 'early_stopping': True, 'hidden_layer_sizes': (8, 8)}",-0.02082282181817902,-0.02142934286253143,-0.018395047469424906,-0.02987140616148772,-0.025356062971736322,-0.02317493625667188,0.004025590599679872,2,-0.019034952353337964,-0.021394987956500612,-0.018892421401329747,-0.032354987072892735,-0.02188231871600885,-0.02271193350001398,0.004970310885424279,0.09
0.7212705612182617,0.0356727780990065,0.0009972572326660157,5.7220458984375e-07,1e-05,True,"(8, 3)","{'alpha': 1e-05, 'early_stopping': True, 'hidden_layer_sizes': (8, 3)}",-0.07468500773315875,-0.025624208378123733,-0.042551006910738015,-0.0738384423658761,-0.025714943953107715,-0.048482721868200865,0.02193417853036138,31,-0.07674175350120056,-0.024858636102733384,-0.05452110747013674,-0.07924411524940099,-0.02179730898824669,-0.05143258426234367,0.02452752959582919,0.09
0.6568428993225097,0.12253751523235318,0.0005983829498291016,0.0004885776558898482,1e-05,True,"(8, 4)","{'alpha': 1e-05, 'early_stopping': True, 'hidden_layer_sizes': (8, 4)}",-0.09534379376099975,-0.03148417044593856,-0.02785589173797293,-0.021490607474697377,-0.030167542117406212,-0.04126840110740297,0.027254962334063642,28,-0.09395072614903284,-0.027710883090245556,-0.028392532345574106,-0.019738511463650424,-0.023401939034068446,-0.038638918416514276,0.027832345865668517,0.09
0.7007253646850586,0.09275852751136332,0.000598287582397461,0.0004884997731965918,1e-05,True,"(8, 5)","{'alpha': 1e-05, 'early_stopping': True, 'hidden_layer_sizes': (8, 5)}",-0.02761909210002485,-0.020387619396416926,-0.02420689933821833,-0.019696124176400924,-0.02778421316582086,-0.02393878963537638,0.0034355439579608483,4,-0.028974906835089905,-0.02104201296962669,-0.02181318954412715,-0.018645984431152333,-0.023610111082694264,-0.022817240972538066,0.0034671148453341827,0.09
0.7860980987548828,0.09895421013153426,0.00039782524108886717,0.0004872393294908049,1e-05,True,"(8, 6)","{'alpha': 1e-05, 'early_stopping': True, 'hidden_layer_sizes': (8, 6)}",-0.020221781022873885,-0.022693354869903443,-0.021857315816669793,-0.023693171362780284,-0.06821654300694084,-0.031336433215833646,0.01847513958426266,18,-0.01868764928192448,-0.022163661150293595,-0.022174846817224154,-0.027414521744586664,-0.057346231538305134,-0.029557382106466808,0.014171323380880837,0.09
0.7944744110107422,0.03762243749838245,0.0005984306335449219,0.0004886166205017064,1e-05,True,"(8, 7)","{'alpha': 1e-05, 'early_stopping': True, 'hidden_layer_sizes': (8, 7)}",-0.022120333804467474,-0.02978264970985224,-0.028533163900266466,-0.02121303636472171,-0.02490841639739264,-0.025311520035340106,0.0033915695558276214,7,-0.020273300018871305,-0.02780224870782154,-0.025746642044710357,-0.020290889657790682,-0.02142670467688495,-0.02310795702121577,0.0030918211910938133,0.09
0.8066410064697266,0.045705776341252134,0.0003989219665527344,0.0004885776326209085,1e-05,True,"(8, 8)","{'alpha': 1e-05, 'early_stopping': True, 'hidden_layer_sizes': (8, 8)}",-0.022820487726285983,-0.020339564247132978,-0.030909483639471443,-0.01975984200101459,-0.020474275225133284,-0.022860730567807654,0.0041581487255186594,1,-0.021654250235474615,-0.01898415496446308,-0.028679614348390663,-0.01946339642028613,-0.020599851378011954,-0.021876253469325292,0.00352562958593981,0.09
0.7765449523925781,0.04335646864710121,0.00039887428283691406,0.0004885192845958804,1e-06,True,"(8, 3)","{'alpha': 1e-06, 'early_stopping': True, 'hidden_layer_sizes': (8, 3)}",-0.42540226104258827,-0.21962652916423944,-0.025776968124091464,-0.022967742264499696,-0.040385851269803104,-0.1468318703730444,0.15762480228684186,34,-0.395923723810705,-0.23035615454894512,-0.02643140062125924,-0.026558356207019303,-0.02566364857740324,-0.14098665675306638,0.14999730276521842,0.09
0.7631956577301026,0.038880291322439,0.0001995086669921875,0.000399017333984375,1e-06,True,"(8, 4)","{'alpha': 1e-06, 'early_stopping': True, 'hidden_layer_sizes': (8, 4)}",-0.022511900572378944,-0.026665636355489623,-0.018457733750094265,-0.02660818480607574,-0.0429446088129982,-0.027437612859407358,0.008326484161702317,9,-0.019893058191696608,-0.025584908208883365,-0.018915407965657324,-0.02682508889023773,-0.02928643525437091,-0.024100979702169185,0.004027617698794825,0.09
0.6752243041992188,0.12657362525134722,0.0003989219665527344,0.0004885776326209085,1e-06,True,"(8, 5)","{'alpha': 1e-06, 'early_stopping': True, 'hidden_layer_sizes': (8, 5)}",-0.056767264865762355,-0.03491766523517984,-0.022933646851097948,-0.023202749492606797,-0.02849382173310821,-0.033263029635551035,0.012536647255176824,21,-0.05804197131063334,-0.03325559131650018,-0.021996224103438426,-0.028680847062871107,-0.02083376363857594,-0.0325616794864038,0.013520062891558996,0.09
0.7411190509796143,0.10665880180509618,0.0007977485656738281,0.0003988744395974553,1e-06,True,"(8, 6)","{'alpha': 1e-06, 'early_stopping': True, 'hidden_layer_sizes': (8, 6)}",-0.026195021985855105,-0.026539950784723612,-0.023207693581633142,-0.07206719367313405,-0.030545764121383538,-0.035711124829345894,0.01832728639307277,24,-0.02520163763978316,-0.025225660161363635,-0.024311912781970126,-0.07566770367820386,-0.026446733584508338,-0.03537072956916582,0.02015993114754505,0.09
0.7969771385192871,0.033965927272664315,0.00039887428283691406,0.0004885192380524391,1e-06,True,"(8, 7)","{'alpha': 1e-06, 'early_stopping': True, 'hidden_layer_sizes': (8, 7)}",-0.024618606713875796,-0.031192499422783834,-0.023815327090540968,-0.02987920024904854,-0.036023514388167664,-0.02910582957288336,0.0044929109043229856,13,-0.021415679257728117,-0.03053571654279304,-0.024011497025833495,-0.029529667593406313,-0.027261287736853896,-0.026550769631322975,0.0034080941725252323,0.09
0.6620020389556884,0.04406982890782967,0.0,0.0,1e-06,True,"(8, 8)","{'alpha': 1e-06, 'early_stopping': True, 'hidden_layer_sizes': (8, 8)}",-0.03260112539913382,-0.019623245113096578,-0.024225742346248705,-0.020487976658236748,-0.030590320122978118,-0.025505681927938794,0.005246285124054173,8,-0.030392724686333843,-0.019890143535001632,-0.02510352712116418,-0.01799289254554596,-0.021678644115600797,-0.023011586400729284,0.004371838219343702,0.09
0.641002607345581,0.1208425319645808,0.0005984783172607421,0.0004886555540883141,0.1,True,"(8, 3)","{'alpha': 0.1, 'early_stopping': True, 'hidden_layer_sizes': (8, 3)}",-0.07116578120594823,-0.2671615789384178,-0.05442483696208151,-0.06845976472596753,-0.0683319674107613,-0.10590878584863528,0.08083883115281941,31,-0.06667129215786614,-0.2795540866369239,-0.06695297750824711,-0.05767344066319128,-0.05950774144641031,-0.10607190768252775,0.08682096383196188,0.18
0.5380748748779297,0.16462206122133416,0.0007979869842529297,0.00039899350281149214,0.1,True,"(8, 4)","{'alpha': 0.1, 'early_stopping': True, 'hidden_layer_sizes': (8, 4)}",-0.08828895959455393,-0.1608349257351927,-0.05407368017048378,-0.07206949085291334,-0.2645878926828486,-0.12797098980719848,0.07733649838813728,32,-0.08335809583237959,-0.16941322464819714,-0.06691279399267688,-0.06718585970275533,-0.26896634528281127,-0.13116726389176403,0.0786883903519948,0.18
0.6091883182525635,0.19004059387897748,0.0003987789154052734,0.0004884024838356029,0.1,True,"(8, 5)","{'alpha': 0.1, 'early_stopping': True, 'hidden_layer_sizes': (8, 5)}",-0.07183346341129594,-0.06091213430431572,-0.05477609369724359,-0.08452209357379245,-0.06897087070778372,-0.06820293113888629,0.010134310440346904,16,-0.06597083361653917,-0.05888463344405005,-0.06829211767751857,-0.08169549627468721,-0.0604898338774098,-0.06706658297804095,0.0080858596712171,0.18
0.7047340393066406,0.08216585986602576,0.0003989219665527344,0.0004885776558898482,0.1,True,"(8, 6)","{'alpha': 0.1, 'early_stopping': True, 'hidden_layer_sizes': (8, 6)}",-0.05987076259464808,-0.07300163468376472,-0.05335765013484761,-0.12694861935952592,-0.10758687785359158,-0.08415310892527558,0.028435700247070775,27,-0.058437310272986015,-0.07072265372495717,-0.06832990720779211,-0.12286450178732329,-0.0999225570208532,-0.08405538600278235,0.023829615278119963,0.18
0.5278009891510009,0.2548255122161155,0.0007979393005371094,0.00039896966451610907,0.1,True,"(8, 7)","{'alpha': 0.1, 'early_stopping': True, 'hidden_layer_sizes': (8, 7)}",-0.06316197501645898,-0.07699933566026734,-0.05404476600944378,-0.7343896427937583,-0.08265790568076493,-0.20225072503213867,0.2662603490748343,34,-0.06260283025084333,-0.07760740483046098,-0.06709098412579809,-0.706523685039295,-0.07487648429703535,-0.19774027770868655,0.2544481644938905,0.18
0.5882401466369629,0.18372172182557384,0.00019941329956054687,0.00039882659912109374,0.1,True,"(8, 8)","{'alpha': 0.1, 'early_stopping': True, 'hidden_layer_sizes': (8, 8)}",-0.05938727725718026,-0.060873524525188176,-0.055249296075412076,-0.06352707135952161,-0.06719411747639342,-0.061246257338739105,0.004003434373191856,1,-0.0579103521451007,-0.05873472215987462,-0.06793589842161873,-0.05750291571670284,-0.06368380118686719,-0.06115353792603281,0.004052125671711618,0.18
0.6273216247558594,0.13545072745890457,0.0007979393005371094,0.00039896966451610907,0.01,True,"(8, 3)","{'alpha': 0.01, 'early_stopping': True, 'hidden_layer_sizes': (8, 3)}",-0.06432976081952937,-0.06299787653933803,-0.05996496381618188,-0.07147691477504868,-0.07952833652141991,-0.06765957049430357,0.007035136378140021,14,-0.0632718470356705,-0.06023185899732084,-0.0688710011358328,-0.06702540552332047,-0.06513941142143859,-0.06490790482271665,0.002992845687739353,0.18
0.6849677562713623,0.06843596434233751,0.0007979393005371094,0.00039896977849652576,0.01,True,"(8, 4)","{'alpha': 0.01, 'early_stopping': True, 'hidden_layer_sizes': (8, 4)}",-0.060553199172547895,-0.06687367257189616,-0.059670871163376056,-0.06656359178358763,-0.07365083847785239,-0.06546243463385201,0.005057606100631138,7,-0.060250141504197226,-0.06604986099965954,-0.06977851003006122,-0.06085017651552603,-0.05784626231278254,-0.0629549902724453,0.004335532167496678,0.18
0.5900214195251465,0.1415809667802998,0.00039882659912109374,0.0004884608318481088,0.01,True,"(8, 5)","{'alpha': 0.01, 'early_stopping': True, 'hidden_layer_sizes': (8, 5)}",-0.0725988518011668,-0.062216106023571055,-0.04841797787370853,-0.07186717777067918,-0.07213931092364216,-0.06544788487855355,0.009355008913317775,6,-0.06925828486884392,-0.0592938643947136,-0.06208117931129006,-0.07006316199011293,-0.06427721848663194,-0.06499474181031849,0.00413207870192185,0.18
0.5319764137268066,0.26393394650125357,0.0013962745666503905,0.0018499204590298687,0.01,True,"(8, 6)","{'alpha': 0.01, 'early_stopping': True, 'hidden_layer_sizes': (8, 6)}",-0.10969330453931558,-0.06437864050060747,-0.05706306587817992,-0.07340519791577821,-0.0772125312180899,-0.07635054801039423,0.018091384975178138,23,-0.10754190246509268,-0.06467390442546615,-0.07193961148668108,-0.07493875251976362,-0.06397316694743514,-0.07661346756888773,0.016022159992698716,0.18
0.6636245727539063,0.13525496393591763,0.0007978439331054688,0.0003989219950512487,0.01,True,"(8, 7)","{'alpha': 0.01, 'early_stopping': True, 'hidden_layer_sizes': (8, 7)}",-0.06981256130149535,-0.06215822184179947,-0.05418196976955835,-0.06695298744665713,-0.11480604724315384,-0.07358235752053284,0.02128115798705825,22,-0.06690430160749053,-0.05904182336732067,-0.066594666999713,-0.059952850366581156,-0.08929247379099824,-0.06835722322642072,0.010962777563982892,0.18
0.7015233993530273,0.12286967979122368,0.0007977485656738281,0.00039887432558979505,0.01,True,"(8, 8)","{'alpha': 0.01, 'early_stopping': True, 'hidden_layer_sizes': (8, 8)}",-0.06788187071806862,-0.06876109232757298,-0.05318717930648562,-0.06785255235499818,-0.08423576924629443,-0.06838369279068397,0.009827499335999674,17,-0.06555586594233719,-0.06829199939626208,-0.061722080720689174,-0.05974658886169865,-0.07865520625515397,-0.06679434823522822,0.0066310717125515955,0.18
0.4890912532806396,0.2095455678143072,0.0005985260009765625,0.0004886944566570864,0.001,True,"(8, 3)","{'alpha': 0.001, 'early_stopping': True, 'hidden_layer_sizes': (8, 3)}",-0.06961241346498692,-0.06116391539071288,-0.05292782181375175,-0.1083027637172951,-0.14097067542167832,-0.08659551796168499,0.03315589925994082,29,-0.06405877168109972,-0.06101095605152861,-0.06632702242030614,-0.10926181130609383,-0.10307760487106339,-0.08074723326601833,0.0209174306549167,0.18
0.48290815353393557,0.2187421984216856,0.0007979393005371094,0.00039896966451610907,0.001,True,"(8, 4)","{'alpha': 0.001, 'early_stopping': True, 'hidden_layer_sizes': (8, 4)}",-0.1457277423409984,-0.06548742420151114,-0.05570534029102097,-0.0724283067319736,-0.07790917128010566,-0.08345159696912195,0.03200973587963949,26,-0.1310890383074895,-0.06161796230715847,-0.06904322357326562,-0.06371885466050572,-0.06708583486545665,-0.07851098274277521,0.026415168321693668,0.18
0.7557868003845215,0.011618581498179967,0.0005984306335449219,0.000488616573967537,0.001,True,"(8, 5)","{'alpha': 0.001, 'early_stopping': True, 'hidden_layer_sizes': (8, 5)}",-0.07021900086412279,-0.06198728901064987,-0.05308338634809202,-0.42746076460962074,-0.06819794592282484,-0.13618967735106205,0.14575767699248537,33,-0.06533827638099965,-0.05998643275788744,-0.06732573537516949,-0.40732157091267857,-0.0565965981126541,-0.13131372270787783,0.1380563546606632,0.18
0.6652322769165039,0.19179482286644867,0.0006094932556152344,0.0004980465987075596,0.001,True,"(8, 6)","{'alpha': 0.001, 'early_stopping': True, 'hidden_layer_sizes': (8, 6)}",-0.08133164972136012,-0.06957426646828413,-0.05308416872420794,-0.0704194855621538,-0.07136225049741901,-0.069154364194685,0.00909053438668061,19,-0.07561179941680735,-0.06805594731505347,-0.06283349928540637,-0.06531297484557118,-0.06227825829442808,-0.0668184958314533,0.004850031379733844,0.18
0.7263704299926758,0.06928207053302447,0.0003989219665527344,0.0004885776326209085,0.001,True,"(8, 7)","{'alpha': 0.001, 'early_stopping': True, 'hidden_layer_sizes': (8, 7)}",-0.06756830956301127,-0.06564138461468684,-0.05314387470832038,-0.07019279524781982,-0.07189021119629545,-0.06568731506602676,0.006628022600788499,8,-0.06392342676467472,-0.0652543711323942,-0.0682853963513075,-0.060281982983359746,-0.06179584122532886,-0.063908203691413,0.00277790445892536,0.18
0.6757919788360596,0.16101090259541245,0.0003989696502685547,0.0004886360388238481,0.001,True,"(8, 8)","{'alpha': 0.001, 'early_stopping': True, 'hidden_layer_sizes': (8, 8)}",-0.06331888947521752,-0.06367389710534868,-0.051615143746580563,-0.06997880384992777,-0.07286861949829057,-0.06429107073507304,0.007320243376828711,3,-0.062103073353321624,-0.06474042216413507,-0.06411484164262778,-0.06807474463044162,-0.06660673345718238,-0.06512796304954169,0.0020589727633629445,0.18
0.7003726959228516,0.0687998031150679,0.0003989696502685547,0.0004886360388238481,0.0001,True,"(8, 3)","{'alpha': 0.0001, 'early_stopping': True, 'hidden_layer_sizes': (8, 3)}",-0.06690867038769234,-0.06280315463870065,-0.08792292914404258,-0.13679310281327187,-0.07941108747306531,-0.08676778889135456,0.02655814647280034,30,-0.0632200151366182,-0.062231482298168925,-0.12067293915444617,-0.13492741517774098,-0.060732928639718894,-0.08835695608133863,0.032528828736921554,0.18
0.4699967861175537,0.21679511344478375,0.0005984783172607421,0.0004886556006187716,0.0001,True,"(8, 4)","{'alpha': 0.0001, 'early_stopping': True, 'hidden_layer_sizes': (8, 4)}",-0.07203681691268088,-0.06738809255715612,-0.049846787098221074,-0.06637797465859968,-0.07587604241288513,-0.06630514272790858,0.008905164395970817,11,-0.07085343203792928,-0.06182021183652008,-0.06298766559100845,-0.0622865496576515,-0.058927224424752775,-0.06337501670957242,0.003986521582476168,0.18
0.5357068061828614,0.27983461602350196,0.0003989219665527344,0.0004885776326209085,0.0001,True,"(8, 5)","{'alpha': 0.0001, 'early_stopping': True, 'hidden_layer_sizes': (8, 5)}",-0.06470016444247755,-0.06176994907093394,-0.052900088753306825,-0.09290015357679175,-0.07856452789214342,-0.0701669767471307,0.014041778559442698,20,-0.06118985325577311,-0.06319654650205672,-0.06579829440954706,-0.08467997696954709,-0.06648375714609285,-0.06826968565660337,0.008419688165503482,0.18
0.6960638999938965,0.1571736031103251,0.0005983352661132812,0.0004885387067869067,0.0001,True,"(8, 6)","{'alpha': 0.0001, 'early_stopping': True, 'hidden_layer_sizes': (8, 6)}",-0.06074301820210321,-0.06787657725118007,-0.05945808875327885,-0.06469211143881624,-0.0769332206345705,-0.06594060325598979,0.006247915630507824,9,-0.06080463844120121,-0.06624003497052625,-0.0685908694842522,-0.057942528925065906,-0.06404095644699744,-0.0635238056536086,0.0037911740334256845,0.18
0.6576616764068604,0.13155183304124096,0.0005984306335449219,0.0004886166903029524,0.0001,True,"(8, 7)","{'alpha': 0.0001, 'early_stopping': True, 'hidden_layer_sizes': (8, 7)}",-0.06808647221722372,-0.06911577365809451,-0.052825876722454417,-0.0657292665319778,-0.07513987429702648,-0.06617945268535538,0.007362995564013833,10,-0.0616353604915733,-0.07068581811585026,-0.06339939737517826,-0.056797468267053626,-0.0637711742339793,-0.06325784369672696,0.004468271524848094,0.18
0.7434478759765625,0.07925819039548003,0.00039887428283691406,0.0004885192380524391,0.0001,True,"(8, 8)","{'alpha': 0.0001, 'early_stopping': True, 'hidden_layer_sizes': (8, 8)}",-0.06258776084364581,-0.0731549965835681,-0.05623950953198373,-0.06782745307839484,-0.06544939989745711,-0.06505182398700993,0.005608067096885888,4,-0.058602298225664554,-0.06853846201727619,-0.06654614445249128,-0.05698461808000504,-0.06039437955897285,-0.06221318046688199,0.0045269887459184035,0.18
0.7035707473754883,0.0805050173078299,0.00039882659912109374,0.0004884608318481088,1e-05,True,"(8, 3)","{'alpha': 1e-05, 'early_stopping': True, 'hidden_layer_sizes': (8, 3)}",-0.07159759837562461,-0.07435441582669045,-0.053301910949365344,-1.4299415516122083,-0.07923446123863472,-0.34168598760050467,0.544198540832146,36,-0.06959139327111001,-0.07396913276329364,-0.07406499323135853,-1.386581900369616,-0.06428104990285675,-0.333697693907647,0.5264543062896058,0.18
0.5871827602386475,0.11795917810238234,0.0001994609832763672,0.00039892196655273444,1e-05,True,"(8, 4)","{'alpha': 1e-05, 'early_stopping': True, 'hidden_layer_sizes': (8, 4)}",-0.06449191374139358,-0.07716087894988082,-0.04993353441055727,-0.06590891053911194,-0.07539467626419125,-0.06657798278102697,0.009711526950557903,12,-0.06531917218571524,-0.07691991049479945,-0.0634536911323103,-0.062367848338745015,-0.05945750292405318,-0.06550362501512463,0.006015920771218484,0.18
0.7189869403839111,0.06899430639329848,0.0005985260009765625,0.0004886945962373333,1e-05,True,"(8, 5)","{'alpha': 1e-05, 'early_stopping': True, 'hidden_layer_sizes': (8, 5)}",-0.06570923907372282,-0.1653885901030704,-0.04954507366548553,-0.07428210364023065,-0.07336739451435118,-0.08565848019937213,0.040840013489612796,28,-0.06159837842330765,-0.17467029735230516,-0.06068996330385434,-0.06998166424448815,-0.06152530025793584,-0.08569312071637822,0.044617453667921206,0.18
0.7005257606506348,0.13686151367401125,0.0007979393005371094,0.0007464676134913422,1e-05,True,"(8, 6)","{'alpha': 1e-05, 'early_stopping': True, 'hidden_layer_sizes': (8, 6)}",-0.0676117758895231,-0.06978367195712888,-0.05480436153911577,-0.06728036597141455,-0.08087983652147411,-0.06807200237573129,0.00829263791860482,15,-0.06483079488004773,-0.06996237002587163,-0.0674720022539937,-0.057503963172140696,-0.07717723733157549,-0.06738927353272585,0.006429573529764701,0.18
0.7631583213806152,0.012286116719872883,0.000399017333984375,0.0004886944566570864,1e-05,True,"(8, 7)","{'alpha': 1e-05, 'early_stopping': True, 'hidden_layer_sizes': (8, 7)}",-0.06306331592280726,-0.06730713680840188,-0.05544605882140296,-0.06683463284758233,-0.06834331707611498,-0.06419889229526188,0.00472622886656038,2,-0.06074297322288492,-0.06551389243399157,-0.0681077873952807,-0.05793413311247908,-0.05974006468694496,-0.062407770170316255,0.0037957824444831098,0.18
0.7063103199005127,0.13165280311520502,0.00019960403442382814,0.00039920806884765627,1e-05,True,"(8, 8)","{'alpha': 1e-05, 'early_stopping': True, 'hidden_layer_sizes': (8, 8)}",-0.06576633916798821,-0.060584740390481485,-0.0613851215418885,-0.06593793294985853,-0.08296757658266658,-0.06732834212657665,0.008121044028783714,13,-0.06180543620464155,-0.05816200468098874,-0.07317884926373663,-0.06029743572469478,-0.0774849972607142,-0.06618574462695519,0.007678753920604731,0.18
0.6755928516387939,0.09401113947753799,0.000598287582397461,0.0004884998197418876,1e-06,True,"(8, 3)","{'alpha': 1e-06, 'early_stopping': True, 'hidden_layer_sizes': (8, 3)}",-0.3938051997741392,-0.06220871562682362,-0.3574035939026048,-0.14743136503292156,-0.0775126068013103,-0.2076722962275599,0.14056677211208551,35,-0.3509744894214593,-0.06013331100315205,-0.390987447399892,-0.1417852262462832,-0.060180885011608225,-0.20081227181647895,0.14266550955514942,0.18
0.7382251262664795,0.005690934021787947,0.0005983829498291016,0.0004885776558898482,1e-06,True,"(8, 4)","{'alpha': 1e-06, 'early_stopping': True, 'hidden_layer_sizes': (8, 4)}",-0.0766049211001902,-0.0688366297720366,-0.08747161893771545,-0.06432482589766755,-0.09760959923536969,-0.0789695189885959,0.012185828637621538,24,-0.07315892647210152,-0.06599303705311478,-0.11566211464362335,-0.05723536547061943,-0.07902451871985056,-0.07821479247186193,0.020089932992700833,0.18
0.6283192157745361,0.2479082082654277,0.000997018814086914,2.78041453115716e-07,1e-06,True,"(8, 5)","{'alpha': 1e-06, 'early_stopping': True, 'hidden_layer_sizes': (8, 5)}",-0.08563506138646095,-0.0634215145435315,-0.053414491380997235,-0.08706196802266926,-0.11478899057378483,-0.08086440518148875,0.021306330708490195,25,-0.07738263430308329,-0.061000900022399794,-0.06848265686469666,-0.0782032589246284,-0.09666082444971845,-0.07634605491290532,0.011954249222643052,0.18
0.6017899990081788,0.09837877423705077,0.000797891616821289,0.00039894587609056776,1e-06,True,"(8, 6)","{'alpha': 1e-06, 'early_stopping': True, 'hidden_layer_sizes': (8, 6)}",-0.09359744301686636,-0.06863224586745967,-0.05076393996255603,-0.06800507287940968,-0.07545565010236194,-0.07129087036573073,0.013814110140112135,21,-0.08796732974990511,-0.06462808146607009,-0.0620952192846191,-0.058093785254538184,-0.058253030676213444,-0.06620748928626918,0.0111534887414251,0.18
0.7350379467010498,0.044959640954595724,0.0006002426147460937,0.0004901046718190699,1e-06,True,"(8, 7)","{'alpha': 1e-06, 'early_stopping': True, 'hidden_layer_sizes': (8, 7)}",-0.06816981070173021,-0.05927556373229057,-0.05625754186011962,-0.06910217512662475,-0.07310735965587564,-0.06518249021532815,0.006350402392938535,5,-0.0682475514013691,-0.058912484350635494,-0.06685491758324255,-0.06724107259034372,-0.0594771452065807,-0.06414663422643431,0.004072550106096477,0.18
0.6393002986907959,0.08696276155329556,0.0,0.0,1e-06,True,"(8, 8)","{'alpha': 1e-06, 'early_stopping': True, 'hidden_layer_sizes': (8, 8)}",-0.08350009626369896,-0.06167854854679539,-0.05516178350580143,-0.06572676418521163,-0.0778596601872795,-0.06878537053775738,0.010433887109619728,18,-0.08130056134852462,-0.06030327737432621,-0.06490197864107276,-0.05711423415677912,-0.06363805953605879,-0.0654516222113523,0.008376126593346505,0.18
